image,xmin,ymin,xmax,ymax
ck0k99e6p79go0944lmxivkmv.jpeg,448.0,196.0,539.0,241.0
ck0k99r7bir3f0a460bctrlmy.jpeg,138.0,273.0,188.0,311.0
ck0k9aqm99o2o0721aml8qpqr.jpeg,397.0,212.0,494.0,244.0
ck0k9dg0vjxcg0848rmqzl38w.jpeg,127.0,198.0,252.0,314.0
ck0k9dzyzirme0a46fhirxayi.jpeg,356.0,266.0,404.0,303.0
ck0k9etuqjxhh0848k6i1mw2f.jpeg,124.0,164.0,417.0,326.0
ck0k9ghqt7a8l0944mcvy0jsx.jpeg,309.0,171.0,442.0,252.0
ck0k9jss09oxq0721c8pd7eds.jpeg,313.0,147.0,588.0,266.0
ck0k9lqaz4ict0863typf3ngd.jpeg,94.0,221.0,268.0,266.0
ck0kcaec57i7s0944jkpjyecx.jpeg,216.0,200.0,302.0,240.0
ck0kcbvwl4tja0794csyimfqu.jpeg,500.0,212.0,615.0,285.0
ck0kcju199xgd0721ljl6cd2n.jpeg,198.0,207.0,215.0,231.0
ck0kck2czj0l10a46f6xkvofl.jpeg,165.0,258.0,208.0,279.0
ck0kcko719xjn0721pujcl4if.jpeg,186.0,211.0,213.0,231.0
ck0kcljocj0qo0a46rzj3y211.jpeg,178.0,208.0,213.0,229.0
ck0kcn7u1j0vk0a46lr8si8zl.jpeg,96.0,227.0,251.0,290.0
ck0kcnh1p4uns0794bs53wqam.jpeg,343.0,265.0,523.0,319.0
ck0kcnqqgk6li0848vp3bn5sx.jpeg,1.0,187.0,153.0,333.0
ck0kcoc8ik6ni0848clxs0vif.jpeg,288.0,267.0,523.0,318.0
ck0kcouioj11m0a46yjyp0zlc.jpeg,1.0,17.0,157.0,333.0
ck0kcpbi29y0x0721g7dlzzcs.jpeg,321.0,223.0,382.0,250.0
ck0kcqhwf4qtf0863lv432phe.jpeg,328.0,207.0,494.0,252.0
ck0kcsfho4r010863q5sjbub6.jpeg,439.0,196.0,542.0,245.0
ck0kcso214r0r0863m2otgmja.jpeg,139.0,239.0,178.0,283.0
ck0kcubsi4r530863gt6or3em.jpeg,400.0,197.0,481.0,246.0
ck0kcurm6j1k50a464wsovbw2.jpeg,128.0,223.0,173.0,283.0
ck0kcv9km4vc70794bkufs7xw.jpeg,310.0,257.0,422.0,329.0
ck0kcy2pmj1v70a464cl53bkw.jpeg,306.0,167.0,438.0,253.0
ck0kcz0wr67xc0838pqo5w48a.jpeg,315.0,174.0,549.0,266.0
ck0kd21cfj2810a46eicmjtng.jpeg,91.0,222.0,277.0,267.0
ck0kd2lpc7kvu0944pq8xomg1.jpeg,213.0,200.0,299.0,235.0
ck0kd4afx8g470701watkwxut.jpeg,486.0,213.0,618.0,289.0
ck0kd70pu4w7b07946742zfpg.jpeg,219.0,207.0,278.0,236.0
ck0kd7h8nj2m70a469e4k6x92.jpeg,199.0,207.0,219.0,229.0
ck0kd86qe8gf507018qw8usfe.jpeg,218.0,197.0,251.0,238.0
ck0kd8g4e9zka0721qprbwtsa.jpeg,196.0,206.0,216.0,228.0
ck0kd8vmh68nl083835g4ngoc.jpeg,162.0,256.0,215.0,283.0
ck0kdc75e4wgn0794wltgjwdw.jpeg,182.0,206.0,215.0,232.0
ck0kdeqv8a00m0721x8avt6qe.jpeg,112.0,232.0,265.0,286.0
ck0kdgfrn7loi0944bc5njxd7.jpeg,504.0,246.0,622.0,293.0
ck0kdgpnj8gvt0701oaod540q.jpeg,4.0,143.0,155.0,326.0
ck0kdh8yok8rw08486abmn3z3.jpeg,504.0,251.0,639.0,293.0
ck0kdhizwj37t0a461n7bsvun.jpeg,3.0,82.0,186.0,334.0
ck0kdhymna0b10721v4wntit8.jpeg,323.0,228.0,396.0,254.0
ck0kdklhl8h7h07015yka75gg.jpeg,431.0,199.0,548.0,245.0
ck0kdobka8hev07019b3gbgq6.jpeg,124.0,230.0,191.0,316.0
ck0kdox8w69td0838i6leuzy9.jpeg,124.0,215.0,191.0,314.0
ck0kdpfyk4t8v08633b9u5zhe.jpeg,284.0,241.0,417.0,319.0
ck0kdra5c7mjh0944w97n0exh.jpeg,310.0,151.0,467.0,259.0
ck0kdsrnk4tm80863omawzddc.jpeg,310.0,146.0,563.0,266.0
ck0kdvg6tj4hn0a46k06job5k.jpeg,97.0,205.0,336.0,268.0
ck0kdwh3o6akx0838c87v3jbu.jpeg,199.0,201.0,296.0,232.0
ck0kdxyxd8iat0701jbwd0oq6.jpeg,490.0,214.0,613.0,290.0
ck0ken8886dvt0838isatschp.jpeg,196.0,207.0,217.0,232.0
ck0kengxx4xiw0863hvii9d2r.jpeg,165.0,255.0,212.0,280.0
ck0keo0re4xll086378211i65.jpeg,195.0,209.0,214.0,231.0
ck0keop2ya51r072149ntr73o.jpeg,183.0,201.0,218.0,226.0
ck0kepbs9kdym0848hgpcf3y9.jpeg,83.0,224.0,273.0,287.0
ck0kepk22a57e07215s22fyiv.jpeg,289.0,257.0,518.0,318.0
ck0keprw9ke1d08483vmle7ed.jpeg,3.0,114.0,151.0,334.0
ck0keq7xa4xxd0863otmigtsy.jpeg,268.0,255.0,526.0,319.0
ck0keqofqkeab0848eq712ch1.jpeg,326.0,224.0,385.0,252.0
ck0kewjljj9q20a46zd3hi5wl.jpeg,421.0,195.0,546.0,247.0
ck0kewsaha6hh07215jgx1bp2.jpeg,134.0,226.0,178.0,285.0
ck0kexd04j9w30a4628x0rzxi.jpeg,135.0,199.0,177.0,286.0
ck0kfhu4n8q7f0701ixmonyig.jpeg,263.0,227.0,452.0,313.0
ck0kfjen48qhj0701wjkosmel.jpeg,305.0,155.0,474.0,261.0
ck0kfk23ukj1m0848e93um98b.jpeg,308.0,147.0,560.0,255.0
ck0kfljfp7vuk09441308dug1.jpeg,286.0,218.0,308.0,242.0
ck0kfm0ie6jf7083851froruk.jpeg,95.0,205.0,367.0,267.0
ck0kfmg3p6jh90838qxnikor1.jpeg,188.0,201.0,313.0,244.0
ck0kfnjva6jp60838d6vqyxq2.jpeg,454.0,215.0,616.0,289.0
ck0khrg9xan7u0721mn5rxpzo.jpeg,213.0,174.0,255.0,240.0
ck0khrpvr6w7p08381txzz4na.jpeg,192.0,205.0,216.0,231.0
ck0khrzkh940s0701k1i2tfe3.jpeg,165.0,250.0,296.0,283.0
ck0khsg8rangi07215h1hso72.jpeg,194.0,207.0,211.0,231.0
ck0kht0vs5k2r079428olg3jt.jpeg,185.0,206.0,219.0,225.0
ck0khttiojrab0a46z2tgb5rd.jpeg,76.0,230.0,264.0,291.0
ck0khu2xz94nj070165dkfirk.jpeg,498.0,250.0,637.0,291.0
ck0khubxx5khq0794ja58vgv5.jpeg,2.0,57.0,163.0,323.0
ck0kk7o8o5vu70794mj0deixq.jpeg,501.0,252.0,636.0,292.0
ck0kkep0vb0nz0721g3sq0a4g.jpeg,326.0,209.0,398.0,250.0
ck0kkg0u65u3q0863z6w2psqp.jpeg,468.0,193.0,541.0,245.0
ck0kkg80v5x900794hcgsb4e1.jpeg,121.0,202.0,194.0,313.0
ck0kkgh0ik3y20a46kzrit8v2.jpeg,496.0,198.0,548.0,251.0
ck0kkgwvk9hhg0701edmbvr7r.jpeg,115.0,172.0,187.0,312.0
ck0kkhi2lb1b30721f7ltwn14.jpeg,248.0,214.0,419.0,314.0
ck0kkizhblbln0848zygsqz0h.jpeg,310.0,127.0,491.0,255.0
ck0kkjnqo5xx10794xzpyur0y.jpeg,311.0,131.0,541.0,257.0
ck0kksymy5z9j0794x0i3rdvo.jpeg,282.0,214.0,308.0,242.0
ck0kkta309jh807010cayyl5d.jpeg,451.0,233.0,553.0,254.0
ck0kkthj17c9g0838c3vjfndl.jpeg,97.0,219.0,363.0,272.0
ck0kkv2jf8pil09448qnz1ndu.jpeg,451.0,219.0,612.0,286.0
ck0kkwqeq5zxe07942ouxkr5q.jpeg,197.0,210.0,220.0,229.0
ck0kkxafs5wwc08631zxdpdyd.jpeg,186.0,205.0,213.0,232.0
ck0kkxngib3qh0721x6mgyttk.jpeg,165.0,250.0,359.0,283.0
ck0kky5oy7d3s08381yd0i465.jpeg,186.0,206.0,214.0,232.0
ck0kkywt08q2d0944abjjfi8q.jpeg,178.0,205.0,212.0,232.0
ck0kkz639le090848leseakdk.jpeg,190.0,256.0,225.0,291.0
ck0kkzh767dc70838hdq9sv4u.jpeg,51.0,275.0,161.0,324.0
ck0kkzzufk6zy0a464la26n1c.jpeg,100.0,232.0,272.0,288.0
ck0kl079lk71f0a46m6yo4q9m.jpeg,300.0,264.0,519.0,319.0
ck0kl0ifc5xd60863hxynsup8.jpeg,1.0,59.0,163.0,333.0
ck0kl11aa7dlt0838zoqikube.jpeg,331.0,278.0,527.0,318.0
ck0kl1k8d9ks80701twyaq08t.jpeg,324.0,211.0,426.0,252.0
ck0kl2hwy5xu80863zi6j6gy4.jpeg,481.0,208.0,517.0,232.0
ck0kl34jm7e2s08384qcp85ih.jpeg,447.0,199.0,531.0,245.0
ck0kl3bjt5xyz0863ru5wbw27.jpeg,131.0,211.0,185.0,291.0
ck0kl3hgk8qyh0944gjtwyh6h.jpeg,493.0,209.0,539.0,252.0
ck0kl3wpd616z079452ea8lq2.jpeg,127.0,195.0,175.0,285.0
ck0kl4d8y7e9x0838i33y0nta.jpeg,222.0,201.0,416.0,319.0
ck0kl5uir7ej708386nnh95ra.jpeg,313.0,122.0,521.0,259.0
ck0klcevilg5n0848axl4ww0k.jpeg,312.0,106.0,566.0,259.0
ck0klds7p9myv07018b68zcsu.jpeg,275.0,209.0,307.0,242.0
ck0km26n78w6b0944d8vapoyy.jpeg,430.0,229.0,606.0,289.0
ck0km3uktkdxc0a46uf6e417v.jpeg,220.0,208.0,257.0,240.0
ck0km415y8wk90944mab9i4lr.jpeg,181.0,205.0,212.0,227.0
ck0km4hlk63zp0863ur0owhkg.jpeg,207.0,158.0,257.0,239.0
ck0km4pkh640f086302no99ma.jpeg,180.0,201.0,214.0,232.0
ck0km4x1h672j0794gya4kfco.jpeg,168.0,245.0,326.0,286.0
ck0km5c8vke4q0a46trc774lh.jpeg,184.0,205.0,213.0,225.0
ck0km5x3u9r910701d3yfjhtv.jpeg,176.0,206.0,213.0,225.0
ck0km64lvbavu0721bhfm918u.jpeg,185.0,255.0,226.0,292.0
ck0kmem9m68vr07947lx0jam1.jpeg,21.0,265.0,188.0,330.0
ck0kmewv08ygm0944br9j606r.jpeg,92.0,238.0,274.0,286.0
ck0kmf5q58yik0944gdwwrqnt.jpeg,501.0,245.0,636.0,292.0
ck0kmfd7ibcib0721v08q1jv0.jpeg,7.0,67.0,164.0,323.0
ck0kmftzekfwv0a46aj0nh5dz.jpeg,503.0,257.0,613.0,294.0
ck0kmgevm69ac0794mihosd3p.jpeg,332.0,207.0,454.0,254.0
ck0kmh9hhkg5e0a46we9ywaxl.jpeg,474.0,199.0,514.0,244.0
ck0kmhpz99t9w0701ftiu8jlx.jpeg,388.0,227.0,420.0,251.0
ck0kmi067lmu70848mrnfi0rc.jpeg,125.0,187.0,186.0,315.0
ck0kmi7k47m0i08380dwkjuc1.jpeg,498.0,206.0,586.0,249.0
ck0kmp3qy67dy08634jubsyx8.jpeg,136.0,126.0,225.0,318.0
ck0kmpmy67n4j08386u8554cs.jpeg,200.0,179.0,422.0,314.0
ck0kmr5ewkhpq0a46nuv73id4.jpeg,311.0,140.0,538.0,254.0
ck0kmrvn590jl0944asem2ofh.jpeg,315.0,83.0,559.0,258.0
ck0kmtk7c90w60944bjhqhm4j.jpeg,271.0,208.0,311.0,242.0
ck0kn591g92v60944tmg09bpa.jpeg,447.0,236.0,503.0,253.0
ck0kn6a6093460944dnwl19so.jpeg,535.0,253.0,622.0,292.0
ck0kn6xvv6ds10794waw8k1tx.jpeg,403.0,222.0,609.0,292.0
ck0kn8eh393ib0944lkiizn3w.jpeg,194.0,212.0,214.0,226.0
ck0kn8y5y9y3507018k5p06ma.jpeg,189.0,205.0,211.0,224.0
ck0kn966blrt008482afk6mhy.jpeg,169.0,248.0,370.0,288.0
ck0kn9jfn6eb50794lzp777i0.jpeg,188.0,207.0,217.0,225.0
ck0knae84lryw08485s94co4s.jpeg,184.0,244.0,239.0,291.0
ck0knam319ybv0701clozevt3.jpeg,483.0,297.0,526.0,321.0
ck0knvsi36h390794sjhcf0ri.jpeg,306.0,259.0,521.0,316.0
ck0knw1mc96cu09446iq0ugae.jpeg,2.0,48.0,160.0,333.0
ck0koqfpl6g0x0863mmghhzwg.jpeg,367.0,272.0,522.0,317.0
ck0koqsqta39h0701f6xas96g.jpeg,328.0,206.0,483.0,251.0
ck0korwq7kq730a465vnctqhc.jpeg,474.0,198.0,521.0,246.0
ck0kosbce7vpn0838c5telfw3.jpeg,391.0,222.0,433.0,246.0
ck0kosmizkqdq0a46xgz65fgt.jpeg,124.0,205.0,178.0,290.0
ck0kosu846k350794gya7bot0.jpeg,495.0,197.0,575.0,249.0
ck0kot81t6k5g079474qsyev2.jpeg,127.0,201.0,182.0,285.0
ck0kotq5d99760944cc8w1pib.jpeg,180.0,168.0,405.0,311.0
ck0kovirm99fg0944fdv57hd8.jpeg,307.0,161.0,534.0,257.0
ck0kow7lga3y30701f2yvt2b2.jpeg,318.0,91.0,497.0,259.0
ck0kp6k1p6lxe0794by4thy6r.jpeg,259.0,211.0,309.0,246.0
ck0l7xwvu94160794ed6vldx0.jpeg,474.0,225.0,618.0,295.0
ck0l8askp96bh0794bppil14t.jpeg,222.0,212.0,257.0,233.0
ck0l8b13joiy30848vj3d2ndb.jpeg,192.0,206.0,209.0,226.0
ck0l8bhz891hy086381o84nhd.jpeg,195.0,160.0,252.0,230.0
ck0l8bqss96gu0794pchtppli.jpeg,182.0,206.0,212.0,225.0
ck0l8cfmgahkk0838nbgj26un.jpeg,165.0,242.0,467.0,288.0
ck0l8culveaqb0721xkucococ.jpeg,182.0,206.0,216.0,223.0
ck0l8di4xoje408487bsrbpj9.jpeg,186.0,244.0,232.0,295.0
ck0l8drn7ahtr08388pnkoq7o.jpeg,502.0,266.0,556.0,291.0
ck0l8e146nb1h0a46oop6lane.jpeg,32.0,252.0,165.0,326.0
ck0l939lbnftj0a46atyx4hh4.jpeg,505.0,250.0,638.0,288.0
ck0l9434gamzj0838n5rjdp1a.jpeg,2.0,28.0,152.0,333.0
ck0l95c8fegck072116xdbwp6.jpeg,501.0,250.0,636.0,292.0
ck0l967uheggs0721rz56fgry.jpeg,329.0,203.0,426.0,251.0
ck0l97837c0ta0944wnryuimb.jpeg,475.0,196.0,525.0,245.0
ck0l9d0tt981g0863dmttkl8h.jpeg,393.0,219.0,467.0,246.0
ck0l9dfokcv7o07013t4kgamc.jpeg,126.0,194.0,201.0,315.0
ck0l9fr16nhu20a46eqv4fvr8.jpeg,498.0,204.0,638.0,262.0
ck0l9j6n6oqjo0848ps5blk3b.jpeg,127.0,151.0,245.0,313.0
ck0l9jo4f9eey0794uap3bxz6.jpeg,171.0,167.0,396.0,311.0
ck0l9uumy9b4i0863izsuks74.jpeg,309.0,221.0,373.0,253.0
ck0l9vmuparhg0838oe20j0bd.jpeg,313.0,160.0,504.0,254.0
ck0l9wcc5cyhb07010g94nwxz.jpeg,308.0,63.0,507.0,260.0
ck0l9xgch9grx0794i0878xu3.jpeg,87.0,232.0,158.0,266.0
ck0l9xvyaot920848tv62nd7o.jpeg,246.0,206.0,311.0,240.0
ck0l9y6snotc30848s7ciyz6j.jpeg,450.0,234.0,535.0,250.0
ck0l9zam2nl6c0a46g4g3m6c4.jpeg,554.0,214.0,622.0,285.0
ck0lwextoec1a0863lou65q4l.jpeg,174.0,204.0,211.0,222.0
ck0lwfg8yjmbz07219irceyfl.jpeg,166.0,235.0,606.0,306.0
ck0lwg0retsfg0848hqi60tlt.jpeg,191.0,205.0,215.0,224.0
ck0lwgsmatsrm0848br00vfki.jpeg,174.0,234.0,240.0,292.0
ck0lwh1i7ed810863a8ql1pat.jpeg,443.0,284.0,521.0,318.0
ck0lwhatvfrid08386w2352zc.jpeg,4.0,254.0,152.0,331.0
ck0lwirdeh6zk0944n5uj6q6i.jpeg,219.0,255.0,529.0,318.0
ck0lwj354jo7n07218v6vgpvi.jpeg,3.0,63.0,175.0,323.0
ck0lwjms6i2ru0701i4l78d84.jpeg,332.0,271.0,526.0,319.0
ck0lwlv9fjpfg07217xwy7qne.jpeg,321.0,205.0,508.0,252.0
ck0lx3s62sysz0a46pq7rsuuw.jpeg,462.0,195.0,541.0,245.0
ck0lx4d8sg0df083816ox14r4.jpeg,393.0,229.0,447.0,250.0
ck0lx4sqkjw920721qbehquxz.jpeg,135.0,237.0,176.0,288.0
ck0lx50eojwbq0721qtix2xqg.jpeg,501.0,178.0,638.0,258.0
ck0lx5e5rhf4f0944ldgqzhf1.jpeg,124.0,214.0,171.0,283.0
ck0lx68q2szgt0a460zlk49kf.jpeg,154.0,158.0,432.0,312.0
ck0lx7plvg1e50838ps3cuu9h.jpeg,312.0,149.0,516.0,264.0
ck0lx8c34u38a08480v1hz7dz.jpeg,313.0,47.0,491.0,266.0
ck0lx9h4ejxlm07213g6pz1n5.jpeg,88.0,231.0,165.0,266.0
ck0lx9tk9g22n0838e6v5csum.jpeg,235.0,205.0,315.0,246.0
ck0lxa18hic880701ux5axl97.jpeg,446.0,232.0,556.0,252.0
ck0lxaxgyeo150863mih7ypb7.jpeg,540.0,209.0,619.0,286.0
ck0lxcldkid0h0701q2hvnu98.jpeg,198.0,211.0,219.0,231.0
ck0lxdhtohhdr0944vck0s787.jpeg,216.0,208.0,259.0,234.0
ck0lxe157jywu0721jwuvnom0.jpeg,168.0,259.0,196.0,279.0
ck0lxekamu4wa0848z3xssbek.jpeg,198.0,211.0,213.0,227.0
ck0lxeugahhve09449l5anbuj.jpeg,165.0,241.0,510.0,293.0
ck0lxfa6uepfr0863exlzozuc.jpeg,180.0,206.0,216.0,225.0
ck0lxgqhheq2b08638gu6tna1.jpeg,186.0,228.0,241.0,293.0
ck0lxh38zu5ri0848ra81j7ne.jpeg,500.0,254.0,587.0,301.0
ck0lxhbtdewio0794g9qrp7o9.jpeg,3.0,203.0,159.0,321.0
ck0lxhudct3ac0a46446v80ie.jpeg,499.0,250.0,636.0,293.0
ck0lxi2vsiexh0701c7jcu934.jpeg,3.0,71.0,168.0,324.0
ck0lyf2lnhyy10944t8eb842u.jpeg,502.0,257.0,606.0,290.0
ck0lyfhltum8h0848fs747twi.jpeg,331.0,205.0,528.0,251.0
ck0lyghgkfe8a0794h5pz92p7.jpeg,457.0,197.0,546.0,241.0
ck0lygt2vkh030721ufglqzq9.jpeg,126.0,272.0,190.0,312.0
ck0lyh3mpi04c094450wwwb9g.jpeg,392.0,212.0,481.0,251.0
ck0lyhdgvtl1m0a46g6vawhau.jpeg,127.0,172.0,252.0,312.0
ck0lzxfw9iyx50944qfn9yxxl.jpeg,100.0,158.0,416.0,316.0
ck0lzyygqj00t0944qnwlwjf2.jpeg,310.0,186.0,425.0,251.0
ck0m0ch9ugnna07940o8x989j.jpeg,309.0,167.0,583.0,258.0
ck0m0dejchvnj08381f1xtpqs.jpeg,402.0,308.0,458.0,338.0
ck0m0etrphwjo0838r9wzd6ia.jpeg,91.0,230.0,211.0,266.0
ck0m0f8x4hwsq0838adn9hkti.jpeg,225.0,201.0,303.0,239.0
ck0m0fi9vgpgr0794ibqomk6e.jpeg,448.0,229.0,566.0,252.0
ck0m0gpkagpzy0794ulwtreu6.jpeg,521.0,209.0,613.0,286.0
ck0m14kd9vbfd0a46f2gcpvjf.jpeg,199.0,205.0,219.0,226.0
ck0m14sd8vbk90a461shu6qbb.jpeg,168.0,259.0,234.0,281.0
ck0m15edijrbs0944olo8aqra.jpeg,189.0,207.0,209.0,225.0
ck0m15mtdwdk30848aglnguy1.jpeg,167.0,258.0,447.0,292.0
ck0m1643sidi5083850vpmnkb.jpeg,195.0,207.0,212.0,225.0
ck0m1lu0nhb320863zyoofeiw.jpeg,133.0,239.0,252.0,292.0
ck0m1m206hgy907944qxlvo5i.jpeg,375.0,266.0,523.0,319.0
ck0m1maf2vnl30a46vnjvga3r.jpeg,0.0,197.0,156.0,334.0
ck0m1mrauhbpe0863qyvhhrcx.jpeg,263.0,261.0,525.0,321.0
ck0m1n0c1hbus0863ti6kd58t.jpeg,2.0,83.0,154.0,338.0
ck0m1nvd7hi5g0794ixq4uhub.jpeg,327.0,210.0,504.0,252.0
ck0na20uvg69k0a46b7cgr9rd.jpeg,447.0,192.0,540.0,245.0
ck0na2cdf1uf40794qwk129rm.jpeg,144.0,243.0,176.0,282.0
ck0na2ozl2ejz08633ausfi26.jpeg,400.0,198.0,464.0,247.0
ck0na2zrshcs50848i2690yin.jpeg,131.0,223.0,171.0,286.0
ck0na3ee97aa6072160kaqfv8.jpeg,337.0,264.0,441.0,317.0
ck0na43fc1vfh0794pxban58i.jpeg,52.0,161.0,442.0,310.0
ck0na55fy5b720701gr5xzev9.jpeg,311.0,173.0,415.0,252.0
ck0na5s461w2n0794ifd5c5cs.jpeg,310.0,141.0,594.0,261.0
ck0na66fi7cky0721kx2rj68t.jpeg,376.0,297.0,463.0,338.0
ck0na7jmkg9gj0a46p7jofg58.jpeg,97.0,223.0,239.0,271.0
ck0na7z5a7deh0721q2xhjvl6.jpeg,218.0,202.0,298.0,239.0
ck0na8r4s7dor0721s8pn4uvo.jpeg,448.0,227.0,590.0,252.0
ck0na9q14gaaa0a46ghbnn940.jpeg,504.0,211.0,615.0,286.0
ck0nabd8whgv30848prwciv2b.jpeg,222.0,211.0,274.0,233.0
ck0nabl6wgb5q0a46x056c88j.jpeg,205.0,211.0,219.0,223.0
ck0ncji892we50794albpt7x4.jpeg,220.0,200.0,250.0,236.0
ck0ncrfj130c40794scji9fm2.jpeg,199.0,206.0,212.0,226.0
ck0ncrvqe47qd08384wqzjlk9.jpeg,166.0,257.0,225.0,280.0
ck0nct2ia48au0838bivpmmn6.jpeg,175.0,205.0,213.0,225.0
ck0nctujv31lz0794ow6lj285.jpeg,92.0,228.0,257.0,291.0
ck0nculry62mq0944n824zvzk.jpeg,498.0,245.0,619.0,293.0
ck0ncvnd332hj079400vhocib.jpeg,2.0,171.0,161.0,326.0
ck0ncwdaxhgtf0a46wezybiq2.jpeg,499.0,252.0,636.0,292.0
ck0ncwmnt6hyp07016zypssxs.jpeg,1.0,86.0,162.0,335.0
ck0ncye0iiouc0848ostst7bq.jpeg,326.0,223.0,420.0,253.0
ck0nd5l7girkp0848rd5cwpcq.jpeg,439.0,196.0,548.0,245.0
ck0nd5toq009k0804lhknr6zt.jpeg,126.0,245.0,190.0,316.0
ck0nd794g00mz078022z17djb.jpeg,124.0,233.0,188.0,319.0
ck0nd98ujhlfg0a46hhco18rf.jpeg,306.0,254.0,446.0,305.0
ck0ndbtmr8oa50721hzgxpue8.jpeg,310.0,159.0,443.0,252.0
ck0ndcirh69sn0944tmwamh75.jpeg,310.0,152.0,567.0,267.0
ck0ndfo8l6ov10701vn095htn.jpeg,100.0,210.0,212.0,269.0
ck0ndgh043xns0863o9d4l0kk.jpeg,210.0,198.0,299.0,235.0
ck0ndoj9r8u8w07216trgrwuz.jpeg,473.0,209.0,615.0,288.0
ck0ndqvn48v820721miq46qnl.jpeg,202.0,208.0,219.0,225.0
ck0ndrnhi3fkn0794vbn53c08.jpeg,196.0,206.0,214.0,226.0
ck0nds16a43eg08630h6n5un1.jpeg,164.0,253.0,203.0,281.0
ck0ndtibl43yj0863zmbyntbz.jpeg,178.0,206.0,216.0,225.0
ck0ndu6n1059n0738t860ip47.jpeg,99.0,225.0,267.0,292.0
ck0ndugzs6hv90944q18viki9.jpeg,304.0,264.0,526.0,320.0
ck0ndwu8pj3180848zonjasmz.jpeg,5.0,146.0,151.0,336.0
ck0ndxi6w6j5f0944tbx465xr.jpeg,238.0,258.0,526.0,319.0
ck0ndxwjf3icx0794m3hlih4u.jpeg,3.0,55.0,202.0,325.0
ck0ndy9p207ai0738n7khflbr.jpeg,321.0,223.0,414.0,254.0
ck0nefzg24hv30863efhq3fp1.jpeg,427.0,201.0,548.0,243.0
ck0negbgs3uhi0794nkdvb6zi.jpeg,131.0,224.0,172.0,282.0
ck0negpok9ao50721aw0ozvpl.jpeg,500.0,210.0,548.0,246.0
ck0neh5qnjfoh0848s35xyyj8.jpeg,121.0,199.0,174.0,282.0
ck0nehpd69bax0721onacbe33.jpeg,275.0,230.0,455.0,312.0
ck0nem99k9e9v0721yu2dtiqq.jpeg,313.0,155.0,460.0,257.0
ck0nene10jjcw08481qmhh4wj.jpeg,338.0,244.0,395.0,282.0
ck0nepj3s015b0a88py3wvbqu.jpeg,315.0,148.0,555.0,255.0
ck0nett9672gj0944feegfre7.jpeg,440.0,233.0,568.0,252.0
ck0neurvn42jv0794al16dzhw.jpeg,94.0,205.0,339.0,266.0
ck0nevwgw73ne094401pqo8zp.jpeg,194.0,201.0,299.0,237.0
ck0nexpddii7b0a463cb74ti7.jpeg,470.0,215.0,615.0,288.0
ck0nf3wev47fm0794xfr1xuhs.jpeg,221.0,204.0,258.0,238.0
ck0nf44ililfz0a469cimeiu1.jpeg,200.0,211.0,214.0,225.0
ck0nf4ks0js7z0848cku0h6t5.jpeg,217.0,179.0,250.0,235.0
ck0nf4rw3093h0a886by1nwca.jpeg,195.0,204.0,213.0,229.0
ck0nf53eo78rg0944btmudhsc.jpeg,167.0,257.0,209.0,280.0
ck0nfms4c59l108632rf19agc.jpeg,194.0,208.0,209.0,226.0
ck0nfnbw45srt083889319uj8.jpeg,185.0,205.0,218.0,223.0
ck0nfo0y4a2a00721ek5g056r.jpeg,76.0,227.0,272.0,289.0
ck0nfobvt4msi07944oj7bzx6.jpeg,501.0,249.0,638.0,290.0
ck0nfoxrpj0xh0a46qv68gp45.jpeg,2.0,73.0,166.0,326.0
ck0nfpjig5u9z0838mgcq82oz.jpeg,500.0,250.0,637.0,294.0
ck0nfq2hsj1ro0a46o4gncg6r.jpeg,327.0,218.0,378.0,254.0
ck0nfrec983h90701yvzbsczw.jpeg,414.0,194.0,556.0,245.0
ck0nfsgb3a5cl0721k678jfzb.jpeg,111.0,209.0,186.0,332.0
ck0nftcfgka7e0848a9ie2b3b.jpeg,499.0,216.0,558.0,250.0
ck0nftsdy5xck0838qb0yk262.jpeg,108.0,181.0,198.0,314.0
ck0nfuci585lm0701jw9i5zhj.jpeg,257.0,223.0,424.0,311.0
ck0nfxm5e5gq50863tqwxrgft.jpeg,312.0,136.0,476.0,262.0
ck0nfz8fe60yr0838az9x331y.jpeg,313.0,135.0,521.0,255.0
ck0ng3jtr5k7j08637da4685p.jpeg,286.0,218.0,308.0,240.0
ck0ng3zz98boz07013zyds00f.jpeg,99.0,206.0,351.0,268.0
ck0ng4fa263vn083809qkbt4y.jpeg,184.0,200.0,310.0,235.0
ck0ng5zyb5lrz086320xihwm8.jpeg,151.0,204.0,212.0,232.0
ck0ng67nbkhul0848gacp299b.jpeg,478.0,212.0,616.0,284.0
ck0ngm4b3jk5e0a46nplsw4xb.jpeg,187.0,206.0,217.0,225.0
ck0ngmfoyjka50a46cagrxpig.jpeg,169.0,248.0,361.0,285.0
ck0ngmuykjkh80a46a5qzv263.jpeg,190.0,205.0,212.0,226.0
ck0oukbtwsjxp083897f03qo4.jpeg,185.0,206.0,213.0,224.0
ck0oukl7vtoje0944m2ijpxlm.jpeg,185.0,268.0,219.0,286.0
ck0oukw23toun0944nstsyx8g.jpeg,40.0,279.0,179.0,330.0
ck0oul6eyrpa408637g72xnc4.jpeg,70.0,237.0,268.0,291.0
ck0ouldkdrpic086327fu1wjk.jpeg,293.0,257.0,516.0,320.0
ck0oulkapr2bj0794zz57fbjp.jpeg,0.0,66.0,153.0,332.0
ck0oulyr8sldl0838tkv3hqk8.jpeg,326.0,268.0,524.0,318.0
ck0oumds8r2ws0794yqsnls8v.jpeg,326.0,208.0,407.0,252.0
ck0ounp7qrrb80863c0xidr4j.jpeg,407.0,192.0,555.0,244.0
ck0ounuswsms108388flcbazi.jpeg,124.0,191.0,178.0,286.0
ck0ovkzw8secm0863zxuv11su.jpeg,113.0,181.0,173.0,282.0
ck0ovlupvx57v0721dn80vmur.jpeg,230.0,205.0,421.0,316.0
ck0ovnfap7g9u0848nlx6v59i.jpeg,308.0,128.0,499.0,251.0
ck0ovrdff7ir20848kelskyn8.jpeg,313.0,115.0,561.0,260.0
ck0ovtzvntedo08385kjpyx6a.jpeg,281.0,214.0,310.0,239.0
ck0ovvrza6e0e0a46doaio091.jpeg,457.0,230.0,556.0,252.0
ck0ow39yt6j650a4633r8lu2g.jpeg,194.0,214.0,211.0,235.0
ck0ow7vs07tuz08485n4yz5si.jpeg,387.0,219.0,608.0,286.0
ck0owo8knvext07012gernxb0.jpeg,217.0,206.0,257.0,238.0
ck0owog84vf1d0701sbf84fw6.jpeg,185.0,203.0,216.0,224.0
ck0qb78lnsvjg0a46r1s6hxr1.jpeg,206.0,164.0,256.0,237.0
ck0qb7h0asvnf0a46l0myka01.jpeg,186.0,206.0,210.0,226.0
ck0qb7vltsvwp0a46e656bv6u.jpeg,168.0,255.0,337.0,284.0
ck0qb8cz6tfnt0848glf38bpe.jpeg,187.0,209.0,209.0,223.0
ck0qb93azjo480721ojf86ytj.jpeg,180.0,207.0,210.0,223.0
ck0qb9do2fwc708385reizk6h.jpeg,185.0,260.0,223.0,291.0
ck0qb9rg6tgo40848b6pmbrod.jpeg,42.0,286.0,154.0,335.0
ck0qba5yvh45x0944qw0oaamw.jpeg,81.0,235.0,278.0,290.0
ck0qbakbhjoyy0721qw4fut6n.jpeg,500.0,250.0,638.0,291.0
ck0qbaubof1z40863w0scvpra.jpeg,3.0,45.0,167.0,324.0
ck0qbedgvf3qu08637yvo02cq.jpeg,499.0,258.0,616.0,291.0
ck0qbex0ljri20721b1v9gyp5.jpeg,332.0,209.0,441.0,252.0
ck0qbn4c2to820848neklprj5.jpeg,484.0,206.0,517.0,228.0
ck0qbnoibg4ip0838na1tnqe8.jpeg,399.0,191.0,545.0,242.0
ck0qbnvn6hk6w0701x0mcjvq8.jpeg,126.0,179.0,194.0,316.0
ck0qbo5snhkcv0701pwtwt35x.jpeg,497.0,209.0,580.0,249.0
ck0qbolrmhccn0944s970z7xn.jpeg,122.0,136.0,198.0,316.0
ck0qbp5dkg5920838gygl8n4f.jpeg,215.0,168.0,441.0,327.0
ck0qbrxq0fc870863u9dy1xsl.jpeg,315.0,129.0,535.0,254.0
ck0qbsnz6fcn40863jl1deoe9.jpeg,313.0,88.0,500.0,262.0
ck0qbu8qqenrd0794vafe93ht.jpeg,274.0,211.0,308.0,240.0
ck0qbwggghon207016zt7rz5a.jpeg,388.0,221.0,609.0,286.0
ck0qc5zvxk5mi0721s96pwrwt.jpeg,173.0,204.0,221.0,229.0
ck0qc6lwsetj70794bennfrza.jpeg,182.0,206.0,212.0,228.0
ck0qc6vn5htmh07016mtpli3w.jpeg,167.0,241.0,425.0,295.0
ck0qc7df7fjr30863hqmtj5i3.jpeg,185.0,206.0,214.0,223.0
ck0qc7xskeu3r07948qg5ycne.jpeg,175.0,209.0,211.0,223.0
ck0qc86fnk6ox0721cb5kg3tl.jpeg,184.0,243.0,235.0,292.0
ck0qc8ib3k6v40721gt60o67m.jpeg,496.0,298.0,527.0,318.0
ck0qc8qkohujb0701aq2988oa.jpeg,6.0,276.0,158.0,337.0
ck0qd4sisfz1x0863riapvr9k.jpeg,317.0,263.0,523.0,317.0
ck0qd50hwi1k10944i25e7al9.jpeg,0.0,50.0,151.0,334.0
ck0qd5it1i1wl0944fqp8vf9c.jpeg,332.0,272.0,526.0,317.0
ck0qd5yquiaiq07016q73qoz3.jpeg,330.0,210.0,463.0,251.0
ck0qd6v51ib0j0701sf2wolfq.jpeg,487.0,197.0,515.0,228.0
ck0qd7cyiib8f0701npyn63rc.jpeg,391.0,229.0,430.0,248.0
ck0qd7oxtgwug08385hhoh6c6.jpeg,127.0,183.0,175.0,286.0
ck0qd7zf9fax10794ucj3kmt5.jpeg,496.0,210.0,581.0,252.0
ck0qd8gs6ko7j0721x25cv4o3.jpeg,126.0,191.0,178.0,287.0
ck0qd918zic840701hnezgpgy.jpeg,175.0,173.0,421.0,310.0
ck0qdeht7feba0794xskx01vd.jpeg,311.0,151.0,535.0,254.0
ck0qdf4hwkrzf0721pwn991sv.jpeg,315.0,83.0,499.0,262.0
ck0qdgpy2ksso0721wbiaedz7.jpeg,267.0,208.0,310.0,240.0
ck0qdhfh1uks20848pclbrty6.jpeg,454.0,233.0,547.0,251.0
ck0rp4r7382md0721515r9ll0.jpeg,393.0,236.0,609.0,296.0
ck0rp6q4583zz0721mrh6corb.jpeg,212.0,203.0,264.0,240.0
ck0rp6xx53tvu0863dmbu45el.jpeg,194.0,210.0,214.0,227.0
ck0rp7ech84jq0721s8wfw8tz.jpeg,202.0,158.0,258.0,239.0
ck0rp7n2684q30721hrzu5r15.jpeg,185.0,205.0,212.0,229.0
ck0rp7ve43ul20863ldcq568m.jpeg,165.0,242.0,466.0,297.0
ck0rp8d7p858s0721qrjixerv.jpeg,191.0,205.0,213.0,225.0
ck0rp8yjl4f5b0838yi4z8ub1.jpeg,142.0,204.0,211.0,225.0
ck0rp95tf2vg70794wbjk2kk3.jpeg,183.0,245.0,243.0,297.0
ck0rp9iochje10a46pq920puz.jpeg,4.0,254.0,163.0,325.0
ck0rp9zh85rbh0944g0fanl6o.jpeg,500.0,244.0,637.0,288.0
ck0rpaam92wcd0794b9wy12ks.jpeg,2.0,28.0,176.0,324.0
ck0rpe8ja3z6m0863q1narygs.jpeg,498.0,246.0,637.0,288.0
ck0rpemia2zhr0794cdnvuzck.jpeg,326.0,202.0,485.0,257.0
ck0rpfqrnhnon0a46jv1r8s8w.jpeg,477.0,196.0,519.0,246.0
ck0rpg5vz5vk20944kk0yhjy5.jpeg,386.0,220.0,435.0,248.0
ck0rpimt3ifig0848hijlm44t.jpeg,128.0,183.0,212.0,318.0
ck0rpixgt5x8l0944oojfpa2o.jpeg,501.0,193.0,636.0,254.0
ck0rpje8d32fg07940gwkympb.jpeg,132.0,111.0,252.0,313.0
ck0rpjxds42tv0863ke8nrsmn.jpeg,163.0,165.0,405.0,314.0
ck0rplig25z1n0944kpecwx3o.jpeg,310.0,162.0,526.0,255.0
ck0rqdyeq4kxa08633xv2wqe1.jpeg,310.0,73.0,522.0,259.0
ck0rqf6p055aw0838g7rq1u9v.jpeg,91.0,234.0,169.0,266.0
ck0rqflbw4lvd0863gyi0mzp1.jpeg,254.0,202.0,311.0,239.0
ck0rqfvfjizmt0848qs0rsd4l.jpeg,445.0,231.0,542.0,253.0
ck0rqgv1m8wok07216g2getrt.jpeg,550.0,220.0,623.0,296.0
ck0rqiv7l57ak0838i1l3rovg.jpeg,186.0,203.0,216.0,232.0
ck0rqjda68xrv07215zq41dpi.jpeg,176.0,205.0,209.0,232.0
ck0rqjl29ibr20a46351u8ys5.jpeg,165.0,231.0,519.0,302.0
ck0rqkhjb4o7k0863lhsglv38.jpeg,146.0,227.0,236.0,296.0
ck0rqkoz2587n08387o17rv73.jpeg,443.0,289.0,523.0,320.0
ck0rql046icek0a462kapdu97.jpeg,3.0,257.0,155.0,334.0
ck0rqlgco58j50838724x6rym.jpeg,256.0,257.0,524.0,319.0
ck0rqlovu6jid0944lyedc9vj.jpeg,2.0,63.0,164.0,328.0
ck0rqph585aki0838q1hxpf6k.jpeg,348.0,271.0,528.0,320.0
ck0rqq0y3j4tu0848p884qvn1.jpeg,329.0,202.0,439.0,254.0
ck0rqqw9o6t8x07017cthtiom.jpeg,471.0,193.0,530.0,243.0
ck0rqrdr86mhp09441c8d69w7.jpeg,386.0,214.0,456.0,251.0
ck0rqzwam6rx20944o5eby5wd.jpeg,124.0,227.0,176.0,288.0
ck0rr05k797je0721hrz4bw9e.jpeg,501.0,185.0,637.0,270.0
ck0rr0ik14xk30863c291xijp.jpeg,123.0,206.0,176.0,286.0
ck0rr132a3x9r0794yhwyho26.jpeg,91.0,159.0,419.0,311.0
ck0rr40pt71p40701fl50vzfa.jpeg,318.0,155.0,588.0,256.0
ck0rr4nj43za20794o7o3btuw.jpeg,309.0,62.0,512.0,259.0
ck0rr5vjd72og0701evwv8adg.jpeg,87.0,232.0,173.0,266.0
ck0rr6bfa9b3w0721aw5unwdy.jpeg,242.0,205.0,311.0,245.0
ck0rr6kut5kx30838ethvdv5u.jpeg,449.0,227.0,549.0,253.0
ck0rr7nhf6w970944cb2nnlih.jpeg,541.0,216.0,619.0,288.0
ck0rrpwlvj04d0a46r4th0cjf.jpeg,223.0,216.0,256.0,238.0
ck0t1qg3kyft90a46nddriu6k.jpeg,166.0,202.0,215.0,227.0
ck0t1r1esms8s0701jmlvghkw.jpeg,168.0,219.0,543.0,305.0
ck0t1umd5jowc0794my89kbsj.jpeg,171.0,205.0,219.0,224.0
ck0t1ywwdmqkf0944mhiw5huk.jpeg,131.0,229.0,238.0,288.0
ck0t1zwemkseu08636i7fpksi.jpeg,500.0,259.0,572.0,296.0
ck0t20os6mrcb0944xrc0wamx.jpeg,0.0,229.0,158.0,325.0
ck0t22nfcmwoj0701cj69tol6.jpeg,498.0,247.0,640.0,293.0
ck0t235u3msgt0944a7jzn8hp.jpeg,1.0,71.0,158.0,333.0
ck0t24ndxkug60863id6f8pfc.jpeg,496.0,252.0,638.0,292.0
ck0t252udmxqz070188sd9z1u.jpeg,329.0,205.0,530.0,252.0
ck0t2b97en04q0701ndyfepcr.jpeg,462.0,193.0,539.0,239.0
ck0t2d3kbyou40a46a56kl6x8.jpeg,387.0,217.0,466.0,248.0
ck0t2fzvhlj200838b26ckwda.jpeg,114.0,176.0,243.0,319.0
ck0t2gf1wypnz0a4651vbm3b5.jpeg,497.0,191.0,638.0,258.0
ck0t2kogeyqy50a46u6e56yb9.jpeg,140.0,156.0,419.0,315.0
ck0t2pyk3l0ym08636r4hqnty.jpeg,305.0,193.0,427.0,252.0
ck0t2tlmmzfds0848mvj42ujg.jpeg,308.0,135.0,550.0,259.0
ck0t2wfsipdoc07218586ezt0.jpeg,306.0,44.0,503.0,262.0
ck0t2z9knn3060944ppcr9fkn.jpeg,96.0,232.0,178.0,265.0
ck0t2zodcyvqs0a46wwxb53xm.jpeg,232.0,204.0,308.0,240.0
ck0t2zw8elp2f0838ve84hm51.jpeg,441.0,224.0,583.0,252.0
ck0t30z1wlpg60838dc6e4lcx.jpeg,537.0,210.0,620.0,286.0
ck0t3htqxn88w09443dhqtzrh.jpeg,197.0,205.0,215.0,229.0
ck0t3iu3flv0k0838lql92x5b.jpeg,168.0,253.0,223.0,281.0
ck0t3kjngndaa0701i76i8q2c.jpeg,190.0,209.0,211.0,233.0
ck0t3m8z9z2js0a46b4ije63c.jpeg,165.0,230.0,416.0,287.0
ck0t3p707neqg07015rpuul6v.jpeg,171.0,204.0,216.0,226.0
ck0t3r291z3xb0a46a6hx1rak.jpeg,178.0,232.0,246.0,292.0
ck0t3r8twkazh0794uxyta3xz.jpeg,387.0,272.0,522.0,322.0
ck0t3s74cnfks070126deykt2.jpeg,2.0,216.0,149.0,339.0
ck0t3zlhdz6180a46kq06kflk.jpeg,266.0,258.0,525.0,315.0
ck0t3zt3lnd7u0944gqvvuxtw.jpeg,5.0,81.0,158.0,343.0
ck0t40rhdz68s0a46ekx049a6.jpeg,327.0,208.0,495.0,250.0
ck0t421swni18070115tymsht.jpeg,456.0,196.0,536.0,243.0
ck0t45urenix00701imio8cdw.jpeg,116.0,207.0,178.0,285.0
ck0t4kdl1nlyb07011sj8qjd8.jpeg,60.0,156.0,414.0,319.0
ck0t4mzl8ljds0863b0iswyfc.jpeg,312.0,189.0,435.0,254.0
ck0t4pic2zxuv0848rp6npxiw.jpeg,315.0,158.0,539.0,259.0
ck0t4rrmsnjuy0944xt22ilg4.jpeg,92.0,222.0,252.0,268.0
ck0t4s7ibnk170944ffcd9q57.jpeg,224.0,202.0,304.0,244.0
ck0t4sh7pnk3v09447wbxifkk.jpeg,445.0,228.0,583.0,254.0
ck0t4z1yrkmfv0794t2oqhd3f.jpeg,515.0,210.0,617.0,286.0
ck0t50qh5zfpc0a46o2ppy49w.jpeg,211.0,209.0,270.0,237.0
ck0t51xn3ns6t0701kue9baog.jpeg,219.0,205.0,254.0,239.0
ck0t5243y02ss0848d4w8z1bl.jpeg,195.0,208.0,214.0,226.0
ck0t52agrlp0p0863vg9f8svy.jpeg,164.0,258.0,219.0,280.0
ck0t52natq0it07218mpku7q5.jpeg,190.0,204.0,210.0,224.0
ck0t5418kkoqg07948b88azfi.jpeg,186.0,205.0,219.0,229.0
ck0t58uo4nvw40701ubn1fua7.jpeg,110.0,232.0,248.0,294.0
ck0t592vckr6p07949h19oxce.jpeg,501.0,245.0,586.0,294.0
ck0t59c0wnw4607010uyziiam.jpeg,1.0,177.0,160.0,322.0
ck0t5k7tonwo20944nfnbqogm.jpeg,503.0,252.0,636.0,293.0
ck0t5n2jlkxuc07940mygjo8f.jpeg,1.0,73.0,164.0,324.0
ck0t5nqi3zqqj0a46iyhhhw7b.jpeg,328.0,219.0,387.0,254.0
ck0t5oyi1mlpd08385ihi4js3.jpeg,330.0,216.0,483.0,251.0
ck0t5sc8zo0px0944bab8o9n5.jpeg,444.0,191.0,548.0,248.0
ck0t5t7ggo1650944q3cyegrd.jpeg,124.0,252.0,192.0,319.0
ck0t5tq5hmo8508389vjkpile.jpeg,402.0,195.0,474.0,251.0
ck0t5vqyazukh0a46v2hq9td6.jpeg,122.0,182.0,272.0,321.0
ck0t5wu9ao70b0701rdv7c7af.jpeg,308.0,255.0,413.0,307.0
ck0t5xpty0hyp08488g6a7n6l.jpeg,50.0,152.0,452.0,320.0
ck0t6c6eg0n3m08483m1afytd.jpeg,310.0,161.0,436.0,252.0
ck0t6epc3ql720721yfbt878q.jpeg,313.0,141.0,561.0,265.0
ck0t6flogo9bb094428fjegnm.jpeg,376.0,289.0,464.0,340.0
ck0t6nixgmcop0863zbzsc32e.jpeg,97.0,225.0,255.0,274.0
ck0t6o7hrlbs407944kyd1i2r.jpeg,212.0,197.0,298.0,239.0
ck0t6p0chogef0701xhns6ujk.jpeg,455.0,224.0,599.0,252.0
ck0t6v4mw07810a46gj9vqfvu.jpeg,502.0,211.0,616.0,288.0
ck0t6yokymh1c0863qvlkbezb.jpeg,200.0,207.0,219.0,230.0
ck0t6z888oklq0701ri4jser9.jpeg,196.0,206.0,217.0,226.0
ck0t6zwah09e20a4695tura09.jpeg,168.0,254.0,213.0,279.0
ck0t713eblgyp0794dqo5edes.jpeg,176.0,203.0,216.0,230.0
ck0t734s0mizv0863sujq0i7p.jpeg,83.0,214.0,262.0,297.0
ck0t73htzoi4l0944t1g4vr7e.jpeg,299.0,248.0,519.0,320.0
ck0t74gx40b5u0a46s72no2dg.jpeg,3.0,176.0,145.0,337.0
ck0t75ti6on9t07015p6wbjle.jpeg,273.0,240.0,524.0,319.0
ck0t765i5mk8j0863od0a5ghy.jpeg,3.0,71.0,169.0,324.0
ck0t782sh0yo80848y50f5ugf.jpeg,326.0,224.0,409.0,251.0
ck0t7cczuqxtt07212nj5eznh.jpeg,429.0,195.0,544.0,242.0
ck0t7cnx9n84208386ufrbnj2.jpeg,131.0,219.0,182.0,286.0
ck0t7czov10bf08489elv37go.jpeg,492.0,215.0,558.0,255.0
ck0t7hsj2on2s094444drdqs0.jpeg,128.0,218.0,175.0,286.0
ck0t7iosiorq50701wgtb048m.jpeg,289.0,241.0,431.0,316.0
ck0t7o8ovlpsl0794ci1p3k3a.jpeg,313.0,155.0,454.0,254.0
ck0t7s2o0ne4408387zvqn6pr.jpeg,313.0,165.0,565.0,269.0
ck0t7yaokmuhl0863v1rlsm5p.jpeg,93.0,209.0,322.0,263.0
ck0t81ysfnhui0838yucfeszk.jpeg,200.0,194.0,294.0,232.0
ck0tssirhrq1u0863eoicr5bp.jpeg,124.0,197.0,216.0,236.0
ck0tstact5eu60a46dakdr243.jpeg,462.0,211.0,615.0,288.0
ck0tsvw19vzj90721zgwt6zcu.jpeg,221.0,205.0,257.0,243.0
ck0tsw61gqm680794v186apwr.jpeg,199.0,207.0,218.0,232.0
ck0tswp1wtrfp0701idogph92.jpeg,217.0,187.0,249.0,241.0
ck0tswxwqqmau0794imifdgnh.jpeg,197.0,206.0,214.0,229.0
ck0tsx6f1rqmc08631bs71ker.jpeg,163.0,258.0,210.0,281.0
ck0tsxz1ztogc09443ljv0w9n.jpeg,178.0,206.0,212.0,224.0
ck0tsymgpsbmm0838ci72jvcf.jpeg,98.0,225.0,272.0,289.0
ck0tsyvp361ow084867dinue0.jpeg,499.0,246.0,637.0,288.0
ck0tsz3b0624008481fmfbt28.jpeg,31.0,101.0,158.0,325.0
ck0tszlepw02k0721zr71djfj.jpeg,499.0,249.0,637.0,293.0
ck0tszu61qmo10794stj6lmkj.jpeg,0.0,80.0,170.0,337.0
ck0tt0dkysbs70838q7t3vnr9.jpeg,326.0,223.0,420.0,252.0
ck0tt28fjsc1i0838s2ji5dhe.jpeg,427.0,199.0,551.0,240.0
ck0tt2h2btoz109449lxjh5hi.jpeg,117.0,218.0,189.0,315.0
ck0tt2r6arrbl0863z4d7kz9g.jpeg,498.0,230.0,538.0,252.0
ck0tt357asc4k0838zbkl0wrd.jpeg,109.0,192.0,194.0,318.0
ck0tt3hm6tsh90701m4t0sq7e.jpeg,275.0,232.0,420.0,308.0
ck0twb97n5uc20a46en2e2spb.jpeg,310.0,144.0,478.0,256.0
ck0twbr4hwf330721j3vv8j30.jpeg,361.0,247.0,397.0,280.0
ck0twbzbz6hga0848z3sx5lsi.jpeg,311.0,151.0,586.0,254.0
ck0twef0nu7ej0701ku08izg4.jpeg,288.0,219.0,310.0,241.0
ck0twempn5ur80a462q4bosuo.jpeg,443.0,223.0,548.0,252.0
ck0twhqawsr970838xj2topr5.jpeg,96.0,202.0,383.0,269.0
ck0twi6d05v8f0a469q54h3iq.jpeg,192.0,197.0,304.0,236.0
ck0twkzggsrnb0838b6na9joz.jpeg,188.0,212.0,212.0,235.0
ck0twl6pqwg6c0721ja81m52m.jpeg,448.0,212.0,619.0,283.0
ck0twvkofr3wr0794xzv7br97.jpeg,195.0,204.0,211.0,229.0
ck0twvs9zu5t00944ltnvijnz.jpeg,165.0,256.0,219.0,282.0
ck0twwuxz6k9i0848br68e8wm.jpeg,191.0,205.0,209.0,230.0
ck0twxu2f5xaj0a4648ury7hi.jpeg,185.0,202.0,218.0,230.0
ck0twzaqtua2r0701hljesqvp.jpeg,63.0,222.0,272.0,293.0
ck0twzjvps8kb0863yht85hg8.jpeg,299.0,259.0,521.0,319.0
ck0twzs19s8ld08632qx4gg12.jpeg,0.0,84.0,153.0,337.0
ck0tx0999u6br0944s68atde0.jpeg,239.0,257.0,527.0,316.0
ck0tx10f0r4n40794pbbiu6iw.jpeg,329.0,212.0,387.0,250.0
ck0tx2mh0r4wk079479dvqbfl.jpeg,414.0,193.0,552.0,245.0
ck0tx2twm5xya0a46rieclafo.jpeg,121.0,179.0,183.0,287.0
ck0tx3bpm5y140a46ul6hlru8.jpeg,491.0,215.0,541.0,251.0
ck0tx3rohwiml0721wn578q0e.jpeg,113.0,185.0,174.0,284.0
ck0tx7k0tr5rz0794r2twuz1o.jpeg,257.0,219.0,425.0,319.0
ck0tx9epawjk50721w6282v2c.jpeg,310.0,129.0,484.0,262.0
ck0txbqlewjuv0721agjyhu78.jpeg,313.0,141.0,520.0,255.0
ck0txdhj9wk390721me7hmajn.jpeg,272.0,215.0,367.0,241.0
ck0txfme8sat90863ybrk8lzv.jpeg,95.0,245.0,136.0,266.0
ck0txg39r6n250848puinmu6k.jpeg,282.0,217.0,307.0,242.0
ck0txgdlcsvs8083883yrxqar.jpeg,444.0,226.0,544.0,254.0
ck0txgnxxud4y0701d5z7lpx7.jpeg,98.0,206.0,413.0,271.0
ck0txmpuosbkk0863coq4p42u.jpeg,174.0,198.0,300.0,236.0
ck0txn3y1uaec0944bo6m4q6c.jpeg,514.0,253.0,580.0,279.0
ck0txo8iyue140701jnymorwf.jpeg,188.0,215.0,212.0,235.0
ck0txp6s8ue5b0701zx9qjwwe.jpeg,444.0,213.0,612.0,288.0
ck0txrkyx611l0a46u3b4n8bb.jpeg,217.0,204.0,254.0,240.0
ck0txrr4nswy40838d5s9tydp.jpeg,201.0,212.0,221.0,232.0
ck0txs402uehd070195c9mfko.jpeg,210.0,167.0,255.0,239.0
ck0txsbnlsx040838wocuy68k.jpeg,186.0,205.0,214.0,230.0
ck0txsj116ojr0848emet52dc.jpeg,166.0,235.0,344.0,282.0
ck0txus39scfk0863py0w15qb.jpeg,190.0,208.0,213.0,230.0
ck0txvaz6ub6h09447ux3qyyt.jpeg,179.0,205.0,212.0,230.0
ck0txvj9m6otr0848fayj9tte.jpeg,185.0,254.0,226.0,292.0
ck0txvtlisck20863fbb7u1gc.jpeg,30.0,282.0,157.0,334.0
ck0txw47261iz0a46k76oyfzj.jpeg,86.0,231.0,266.0,290.0
ck0txwcn1scmo0863p2fmcq09.jpeg,501.0,248.0,636.0,292.0
ck0txwk8k6owz0848gejqchq8.jpeg,1.0,48.0,168.0,326.0
ck0txx0ddscoq0863bm1ntw9g.jpeg,500.0,253.0,636.0,293.0
ck0txxd8f6p0l08484tupben9.jpeg,325.0,209.0,420.0,252.0
ck0ty5rb66pry08483lgrlmhz.jpeg,484.0,211.0,513.0,241.0
ck0ty797gwmyd0721weeb3b90.jpeg,399.0,192.0,553.0,245.0
ck0ty7yegwn140721h5wixp2h.jpeg,118.0,190.0,204.0,318.0
ck0ty9cx4r9qk0794foscpnun.jpeg,494.0,224.0,545.0,251.0
ck0tya1tfr9sz0794w5roonwp.jpeg,112.0,162.0,192.0,313.0
ck0tyaitfuchg0944iz87630d.jpeg,239.0,196.0,422.0,313.0
ck0tyexsuugj1070158ffdyyt.jpeg,312.0,120.0,535.0,256.0
ck0tyfppk6qqc0848u6xtpzgx.jpeg,313.0,105.0,521.0,259.0
ck0tyhb0zszbr0838w1dyisjw.jpeg,278.0,213.0,307.0,242.0
ck0tyhipjwo1707211p8ov4bm.jpeg,441.0,223.0,558.0,253.0
ck0tyjzuxsewd0863g6vu5zec.jpeg,188.0,212.0,210.0,233.0
ck0tyk5ussex90863mbb4h9of.jpeg,383.0,213.0,612.0,286.0
ck0tylooksf3f0863s6tbwxhx.jpeg,180.0,204.0,214.0,230.0
ck0tyojsawouz0721wteyaxe4.jpeg,182.0,204.0,219.0,230.0
ck0tyoro0uhpt0701sbzpdha0.jpeg,167.0,243.0,366.0,287.0
ck0tyq31o6ryb08488lus3geb.jpeg,179.0,205.0,212.0,225.0
ck0tyt1orui7t0701sxkqcrnt.jpeg,150.0,202.0,210.0,229.0
ck0tyt8nmui9l0701fr3lsu7s.jpeg,181.0,240.0,239.0,291.0
ck0tyucu3uekj0944f3usafki.jpeg,18.0,272.0,157.0,334.0
ck0tyv5y2wpox0721volr4z26.jpeg,71.0,227.0,281.0,293.0
ck0tyvn3lwprq0721btsf3icr.jpeg,274.0,253.0,523.0,318.0
ck0tyvz1p6ssd0848z1brl0fl.jpeg,2.0,53.0,161.0,335.0
ck0tywg9ruew50944r0qom5i0.jpeg,185.0,212.0,201.0,232.0
ck0tyx4x7t16i0838grtlspkh.jpeg,281.0,254.0,526.0,318.0
ck0tyxvkx6t1d0848kk4vfkrb.jpeg,327.0,206.0,443.0,255.0
ck0tyzb4kwq9407210i0lbk6v.jpeg,461.0,203.0,522.0,245.0
ck0tz2vh7wqqw0721qe4odmlu.jpeg,394.0,192.0,538.0,242.0
ck0tz35vrt1xh08382lzzsg2v.jpeg,120.0,192.0,178.0,286.0
ck0tz3qdjt20v0838pjjz36dn.jpeg,498.0,205.0,566.0,252.0
ck0tz4dsmshgh08637pfl2z1c.jpeg,119.0,180.0,179.0,285.0
ck0tz4vu9wr2707210cs2d85i.jpeg,192.0,189.0,418.0,319.0
ck0tz7lcnugfi0944xj04x69y.jpeg,317.0,151.0,541.0,259.0
ck0tzh0mmsjb70863m9jdqypg.jpeg,310.0,85.0,518.0,259.0
ck0tzinm26vvi0848hrzkprh2.jpeg,91.0,245.0,145.0,268.0
ck0tzjni6sjt50863e6a6a8fl.jpeg,271.0,210.0,310.0,241.0
ck0tzkkd8ulz70701xe5upkxe.jpeg,444.0,226.0,585.0,252.0
ck0tzmo81wtq50721yer41mgt.jpeg,546.0,257.0,623.0,292.0
ck0tzncx5rg970794klhrot7p.jpeg,192.0,218.0,212.0,233.0
ck0tznjlaumey0701fbjp1dbu.jpeg,373.0,218.0,610.0,290.0
ck0tzox41umlv0701crxo159j.jpeg,221.0,205.0,256.0,237.0
ck0tzp3rvummy07010t4dolzz.jpeg,177.0,207.0,213.0,228.0
ck0tzphn3t5by0838ge18vkq7.jpeg,206.0,160.0,253.0,240.0
ck0tzpp8dskmt0863jjiyujwl.jpeg,179.0,205.0,213.0,229.0
ck0tzpygswuae0721bhuvjofj.jpeg,171.0,245.0,440.0,287.0
ck0tzqdzqwucd07218blh12ir.jpeg,178.0,202.0,216.0,226.0
ck0tzttgusl7o0863k0kfvcid.jpeg,151.0,207.0,208.0,226.0
ck0tzu01r69vw0a464th4yn43.jpeg,186.0,239.0,237.0,292.0
ck0tzuao2wuuv0721d9vb3uvm.jpeg,4.0,260.0,170.0,332.0
ck0tzvykb6xxf0848pysx89eg.jpeg,504.0,249.0,637.0,291.0
ck0tzw6en6xyw0848myghrsxc.jpeg,3.0,43.0,162.0,326.0
ck0tzwr6a6y270848xgzmj6hq.jpeg,501.0,251.0,629.0,291.0
ck0tzxdcpslr10863f9172aju.jpeg,330.0,211.0,434.0,248.0
ck0tzza3ut6ra0838aef1ubfa.jpeg,485.0,198.0,519.0,238.0
ck0tzzys2sm6b0863k8qyy7hp.jpeg,385.0,225.0,433.0,252.0
ck0u00a7o6ask0a467afyogi5.jpeg,123.0,172.0,200.0,319.0
ck0u00h8m6yow0848u1pohlak.jpeg,496.0,196.0,617.0,254.0
ck0u00wpmuoae0701e4j4rgq4.jpeg,118.0,164.0,201.0,316.0
ck0u01dbyuoe30701p6pfzb0q.jpeg,159.0,167.0,422.0,321.0
ck0u02mwv6bah0a467209caub.jpeg,472.0,241.0,622.0,296.0
ck0u030x8uono0701kp4dvddz.jpeg,308.0,155.0,552.0,257.0
ck0u03onjuosl0701rhy18f7o.jpeg,302.0,83.0,505.0,259.0
ck0u07w91ulq009446ol1bta4.jpeg,259.0,204.0,309.0,241.0
ck0u086m36ca30a46uxou346g.jpeg,446.0,231.0,515.0,253.0
ck0u095lit8ti08381w4noa0x.jpeg,502.0,234.0,624.0,297.0
ck0u09p0z70h60848av5vdh7v.jpeg,156.0,201.0,210.0,234.0
ck0u0dcgdwy9r072177202gnd.jpeg,191.0,205.0,214.0,230.0
ck0u0dtzbt9mu08385juqmknt.jpeg,183.0,203.0,211.0,227.0
ck0u0e1zzwydk07210xx5o9vv.jpeg,166.0,240.0,460.0,288.0
ck0u0fzglungw0944luype68g.jpeg,179.0,205.0,207.0,229.0
ck0u0gs1d71m70848obwsy04a.jpeg,182.0,236.0,233.0,297.0
ck0u0hkwqurd207012dbpgjhf.jpeg,463.0,294.0,525.0,318.0
ck0u0hs5pwywo0721zyjfy75h.jpeg,3.0,267.0,155.0,334.0
ck0u0i88bunv00944unevdbqg.jpeg,304.0,253.0,524.0,319.0
ck0u0ihp7sq1z086335c6h592.jpeg,3.0,18.0,165.0,326.0
ck0u0iymarljc079432rld6ur.jpeg,343.0,272.0,527.0,317.0
ck0u0jzlqsqbn0863uii3azjh.jpeg,331.0,202.0,418.0,254.0
ck0u0l462sqjj0863jgtyd84b.jpeg,479.0,196.0,521.0,244.0
ck0u0m0dqtaz70838kcm0o9w3.jpeg,393.0,221.0,446.0,244.0
ck0u0muhduoik0944fwbze43u.jpeg,119.0,170.0,194.0,285.0
ck0u0nf3ftb7n083861jt62o2.jpeg,494.0,194.0,638.0,254.0
ck0u0obru6f6u0a46axncdx9n.jpeg,130.0,219.0,171.0,283.0
ck0u0p0aix0240721eyb5n57o.jpeg,160.0,164.0,413.0,317.0
ck0u0raa96fpd0a46z626vh9b.jpeg,308.0,162.0,582.0,258.0
ck0u0y7byrnvd0794vpqdexro.jpeg,312.0,70.0,512.0,266.0
ck0u0zahz74ln0848lonhk1xg.jpeg,98.0,236.0,164.0,268.0
ck0u0znmjuuay0701hyc6trun.jpeg,248.0,203.0,308.0,239.0
ck0u101es74sl08484y0z9pb6.jpeg,440.0,225.0,564.0,255.0
ck0u10zeh74ym0848ow29lc1l.jpeg,554.0,215.0,623.0,292.0
ck0u12y7v75dn0848omjgbtgs.jpeg,225.0,217.0,264.0,240.0
ck0u13g18uv1x070166k2ew3t.jpeg,197.0,161.0,252.0,240.0
ck0u13mbhte0v0838nxz2zdkf.jpeg,178.0,202.0,203.0,225.0
ck0u13xaxuv4k07010miwxisb.jpeg,165.0,237.0,568.0,305.0
ck0u14b6prp0i07943ucnwhhu.jpeg,193.0,206.0,213.0,225.0
ck0u14y7arp5c0794llhscme5.jpeg,192.0,237.0,239.0,297.0
ck0u155em6hy90a46mm9izvjz.jpeg,501.0,257.0,565.0,295.0
ck0u15ceurp8s079478ps17by.jpeg,2.0,236.0,162.0,324.0
ck0u96z1nxzlx0721hdcmet81.jpeg,498.0,244.0,636.0,292.0
ck0u97a47vo2h0944rwxehqpl.jpeg,2.0,13.0,166.0,337.0
ck0u98ba1xzpe0721rgjjjun5.jpeg,499.0,251.0,638.0,291.0
ck0u98uysslwa0794bmd4n7fd.jpeg,330.0,203.0,521.0,251.0
ck0u9dw5dsmcv07947ss72195.jpeg,473.0,192.0,535.0,245.0
ck0u9e8u77f9y0a46i2qc7hje.jpeg,139.0,288.0,189.0,316.0
ck0ug28sbusje083872me6leq.jpeg,388.0,215.0,468.0,246.0
ck0ug2o6ku8b708632bp2y2zn.jpeg,114.0,186.0,229.0,320.0
ck0ug2zaqt3zf0794joucwcgf.jpeg,493.0,165.0,637.0,257.0
ck0ug3gjz7wk00a46ikj346zv.jpeg,118.0,102.0,288.0,323.0
ck0ug3zlfw61d09445i888ftl.jpeg,101.0,157.0,413.0,306.0
ck0uivtpc841h0a46ydgo7566.jpeg,309.0,207.0,393.0,253.0
ck0uiwjhb843y0a46w2o985sl.jpeg,306.0,139.0,583.0,259.0
ck0uj9sgjyq2b0721813otzrx.jpeg,299.0,46.0,549.0,259.0
ck0ujb0z98s2k08487aup4zlv.jpeg,91.0,232.0,183.0,266.0
ck0ujedh4wiln0701x3dugshl.jpeg,238.0,200.0,309.0,239.0
ck0ujfqoy85bw0a46u3lgcx88.jpeg,449.0,228.0,577.0,252.0
ck0ujik07yqmk0721cwatmrh8.jpeg,178.0,211.0,213.0,232.0
ck0ujirqowixt07012814w3ox.jpeg,529.0,211.0,619.0,287.0
ck0ujkl8y85nx0a4678ht59jh.jpeg,199.0,211.0,218.0,230.0
ck0ujle3ouhd20863udrln8yl.jpeg,165.0,259.0,227.0,280.0
ck0ujmglz85u10a468qt0d4fc.jpeg,163.0,211.0,636.0,303.0
ck0ujo3wrv2130838pn66pvj4.jpeg,172.0,227.0,243.0,293.0
ck0ujob3n85zc0a46r0pdmhoy.jpeg,404.0,281.0,522.0,318.0
ck0ujoiltwezp0944u48gk6wn.jpeg,2.0,243.0,151.0,334.0
ck0ujvlapv2j60838394p7rtf.jpeg,294.0,245.0,524.0,318.0
ck0ujvtjvyrjx0721f1bk9yvy.jpeg,1.0,66.0,169.0,324.0
ck0ujw76nui2g0863hz7l7uqo.jpeg,331.0,268.0,533.0,319.0
ck0ujwlr98tkt0848fudx9cb3.jpeg,325.0,205.0,531.0,254.0
ck0ujxg4qyroe0721yt57ymqa.jpeg,461.0,194.0,542.0,241.0
ck0ujxwiv8tpa0848i4mm92da.jpeg,382.0,212.0,485.0,251.0
ck0ujy91ete1p0794u8tbqbox.jpeg,130.0,228.0,175.0,288.0
ck0ujzue9uicd08638rcyl1ro.jpeg,71.0,158.0,407.0,310.0
ck0uk19kvwftk0944hsc0vul0.jpeg,303.0,200.0,386.0,256.0
ck0uk2i9z86xl0a46gizlif59.jpeg,311.0,152.0,535.0,259.0
ck0uk4wf8875i0a46hztpqvip.jpeg,93.0,237.0,192.0,268.0
ck0uk5cl3877p0a468qm2bfay.jpeg,229.0,200.0,307.0,240.0
ck0uk5rawysf20721e35n6nk5.jpeg,440.0,226.0,566.0,255.0
ck0uk75x5ysls0721e5a9j891.jpeg,524.0,209.0,620.0,289.0
ck0ukgesfwh7f0944smkfpncd.jpeg,222.0,210.0,272.0,242.0
ck0ukglh8v4be0838snyl10yu.jpeg,194.0,206.0,214.0,225.0
ck0ukh756v4e308383pqia4e4.jpeg,217.0,204.0,312.0,241.0
ck0ukhfkfv4f10838ulu89xc8.jpeg,200.0,208.0,216.0,226.0
ck0ukhrm7wh9z0944dld49omk.jpeg,167.0,254.0,269.0,278.0
ck0uki6ppytkz0721bttibej8.jpeg,189.0,205.0,213.0,232.0
ck0ukig53tfv30794pt4u6ude.jpeg,165.0,239.0,562.0,299.0
ck0ukixygv4jw08389trmx0vi.jpeg,184.0,208.0,219.0,225.0
ck0ukjmceuk3t0863k4o3i8g4.jpeg,187.0,236.0,261.0,291.0
ck0ukjupkwhfa0944r6gu3mh8.jpeg,497.0,246.0,575.0,295.0
ck0ukk30lwlt9070113ad7m2j.jpeg,5.0,187.0,164.0,326.0
ck0ukkr2f8vml0848uyh1iw50.jpeg,501.0,252.0,637.0,293.0
ck0ukkz8tytsn0721y70sud46.jpeg,2.0,76.0,170.0,327.0
ck0uklx72wly70701px5wl6fw.jpeg,326.0,204.0,518.0,254.0
